,,,,,,,,,,,,,,,,,,,,,,,,,,,,,
,Product Lines,,,,,,Product Lines,,,,,,Design Families,,,,,,,Additional Products,,,,,,Additional Products,,,
,Electric Mirror,EM Framed,Cordova,Cordova Framed,Cordova Home,,Electric Mirror,EM Framed,Cordova,Cordova Framed,Cordova Home,,Electric Mirror,EM Framed,Cordova,Cordova Framed,Cordova Home,Collection / Description,,Design Family,Product Lines,,,,,Design Family,Product Lines,,
,Aria,,,,,,ARI,,,,,,Boulevard,,Promenade,,,,,Sconce,Fifth Avenue,Madison,Melrose,,,Sconce,SCO2-FIF,SCO2-MAD,SCO2-MEL
,Aurora,,,,,,AUR,,,,,,Aria,,,,,Radius,,Fog Free,Acclaim,Aqua,Inspiration,,,Fog Free,ISF,INS,INS
,Bela,,,,,,BEL,,,,,,Brighton,,,,,Chamfered,,Kitchen TV,Galley,,,,,Kitchen TV,GAL,,
,Boulevard,,Promenade,,,,BOU,,PRO,,,,Boutique,,,,,,,Medicine Cabs,Ambiance,Ascension,Simplicity,,,Medicine Cabs,AMB,ASC,SIM
,Boutique,,,,,,BTQ,,,,,,eFinity,,Rosa,,,,,Polycarbonate,Accord,Placid,Selah,,,Polycarbonate,ACC,PLA,SEL
,Brighton,,,,,,BRG,,,,,,Hampton,,,,,Chamfered,,Waterproof TV,Northstar,,,,,Waterproof TV,NOR,,
,,,Brilliance,,,,,,BRI,,,,Integrity,Momentum,Valeria,Tiempo,Unity,,,,,,,,,,,,
,Crown,,,,,,CRO,,,,,,Integrity Duo,,,,,,,,,,,,,,,,
,,Eclipse,,,,,,TVC,,,,,Prism,,,,,Bevel,,,,,,,,,,,
,eFinity,,Rosa,,,,EFI,,ROS,,,,,Verity,,,,,,,,,,,,,,,
,Element,,Materia,,,,ELI,,,,,,,Eclipse,,,,,,,,,,,,,,,
,Elite,,,,,,ELE,,MAT,,,,Element,,Materia,,,,,,,,,,,,,,
,Ellura,,,,,,ELA,,,,,,Elite,,,,,Round/Oval,,,,,,,,,,,
,,,Eminence,,,,,,EMN,,,,Aurora,,,,,Hori Pill Shaped,,,,,,,,,,,
,Essence,,,,,,ESS,,,,,,Crown,,,,,Bevel,,,,,,,,,,,
,Eternity,,Eliseo,Mystique,,,ETE,,ELO,MYS,,,Ellura,,,,,Vert Pill Shaped,,,,,,,,,,,
,Eyla,,,,,,EYL,,,,,,Eternity,,Eliseo,,Mystique,,,,,,,,,,,,
,Facet,,,,,,FAC,,,,,,Halo,,,,,,,,,,,,,,,,
,Fusion,Reflection,Candela,Renato,Charisma,,FUS,REF,CAN,REN,CHA,,Jewel,,,,,Bevel,,,,,,,,,,,
,Fusion Tri,,Candela Tri,,,,FUS-TRI,,CAN-TRI,,,,Luna,,Ora,,,,,,,,,,,,,,
,Fusion Qua,Impression,,,,,FUS-QUA,IMP,CAN-QUA,,,,Pinnacle,,,,,Tombstone,,,,,,,,,,,
,Glorielle,,,,,,GLL,,,,,,Saratoga,,Saviano,,,Pill Shaped,,,,,,,,,,,
,Halo,,,,,,HAL,,,,,,Solis,,,,,Cut Round,,,,,,,,,,,
,Hampton,,,,,,HAM,,,,,,Trinity,,Estella,,Grandeur,,,,,,,,,,,,
,Heavenly,,,,,,HEA,,,,,,Bela,,,,,,,,,,,,,,,,
,Integrity,Momentum,Valeria,Tiempo,Unity,,INT,MOM,VAL,TIE,UNY,,Fusion,Reflection,Candela,Renato,Charisma,,,,,,,,,,,,
,Integrity Duo,,,,,,INT-DU,,,,,,Fusion Tri,,Candela Tri,,,,,,,,,,,,,,
,Isola,,,,,,ISL,,,,,,Fusion Qua,Impression,,,,,,,,,,,,,,,
,Jewel,,,,,,JWL,,,,,,Quantum-4,,,,,,,,,,,,,,,,
,Langston,,,,,,LAN,,,,,,Triomphe,,,,,Arched,,,,,,,,,,,
,Loft,Stanford,,,,,LOF,STA,,,,,Eyla,,,,,Radius,,,,,,,,,,,
,Luna,,Ora,,,,LUN,,ORA,,,,Essence,,,,,Radius,,,,,,,,,,,
,Novo,Ovation,Nuria,Palencia,Harmony,,NOV,OVA,NUR,PAL,HAR,,Facet,,,,,Bevel,,,,,,,,,,,
,Optera,Celebration,Nuria-4,,,,OPA,CEB,NUR4,,,,Heavenly,,,,,,,,,,,,,,,,
,Paragon,,,,,,PAR,,,,,,Langston,,,,,Chamfered,,,,,,,,,,,
,Petra,,,,,,PET,,,,,,Serenity,,Tranquilidad,,,,,,,,,,,,,,
,Pinnacle,,,,,,PIN,,,,,,Silhouette,,Celestino,,Prestige,,,,,,,,,,,,
,Prism,,,,,,PRI,,,,,,Loft,Stanford,,,,,,,,,,,,,,,
,Quantum,,Granada,,,,QUA,,GRA,,,,Sconce,,,,,,,,,,,,,,,,
,Quantum-4,,Granada-4,,,,QUA4,,GRA4,,,,Novo,Ovation,Nuria,Palencia,Harmony,,,,,,,,,,,,
,Radiance,,Romana,,,,RAD,,ROM,,,,Optera,Celebration,Nuria-4,,,,,,,,,,,,,,
,Saratoga,,Saviano,,,,SAR,,SAV,,,,Quantum,,Granada,,,,,,,,,,,,,,
,Sconce,,,,,,SCO,,,,,,Radiance,,Romana,,,,,,,,,,,,,,
,Serenity,,Tranquilidad,,,,SER,,TRA,,,,,,Brilliance,,,Round/Oval,,,,,,,,,,,
,Silhouette,,Celestino,Prestige,,,SIL,,CEL,PRE,,,,,Eminence,,,Radius,,,,,,,,,,,
,Solis,,,,,,SOL,,,,,,Glorielle,,,,,Tooth,,,,,,,,,,,
,Sorelle,,,,,,SOR,,,,,,Isola,,,,,Frosted Organic,,,,,,,,,,,
,Trinity,,Estella,,Grandeur,,TRI,,EST,,GRN,,Paragon,,,,,Spiky Corners,,,,,,,,,,,
,Triomphe,,,,,,TRO,,,,,,Petra,,,,,Organic,,,,,,,,,,,
,Vanguard,,,,,,VGD,,,,,,Sorelle,,,,,Organic,,,,,,,,,,,
,Vela,,,,,,VEL,,,,,,Vanguard,,,,,Oblong,,,,,,,,,,,
,,Verity,,,,,,VER,,,,,Vela,,,,,Organic,,,,,,,,,,,
